ISO3,country,adm1_name,adm2_name,mkt_name,lat,lon,geo_id,price_date,year,month,currency,exchange_rate_unofficial,wage_non_qualified_labour_non_agricultural,wage_qualified_labour,o_exchange_rate_unofficial,h_exchange_rate_unofficial,l_exchange_rate_unofficial,c_exchange_rate_unofficial,inflation_exchange_rate_unofficial,trust_exchange_rate_unofficial,o_wage_non_qualified_labour_non_agricultural,h_wage_non_qualified_labour_non_agricultural,l_wage_non_qualified_labour_non_agricultural,c_wage_non_qualified_labour_non_agricultural,inflation_wage_non_qualified_labour_non_agricultural,trust_wage_non_qualified_labour_non_agricultural,o_wage_qualified_labour,h_wage_qualified_labour,l_wage_qualified_labour,c_wage_qualified_labour,inflation_wage_qualified_labour,trust_wage_qualified_labour
AFG,Afghanistan,Kabul,Kabul,Kabul,34.516667,69.183333,gid_345166670691833330,1/1/2007,2007,1,AFN,,,,50.57,51.04,50.12,50.57,,10,253.21,255.62,250.89,253.23,,9.6,1432.53,1446.46,1416.69,1432.39,,9.7
AFG,Afghanistan,Kabul,Kabul,Kabul,34.516667,69.183333,gid_345166670691833330,2/1/2007,2007,2,AFN,,,,50.58,51.04,50.12,50.8,,10,253.28,255.65,250.91,252.3,,9.6,1431.43,1455.2,1416.55,1455.2,,9.7
AFG,Afghanistan,Kabul,Kabul,Kabul,34.516667,69.183333,gid_345166670691833330,3/1/2007,2007,3,AFN,,,,50.87,51.3,50.45,50.86,,10,252.01,253.54,250.48,253.28,,9.6,1462.14,1475.35,1433.8,1433.8,,9.7
AFG,Afghanistan,Kabul,Kabul,Kabul,34.516667,69.183333,gid_345166670691833330,4/1/2007,2007,4,AFN,,,,50.88,51.25,50.51,50.79,,10,253.61,254.83,252.38,254.62,,9.6,1427.48,1439.61,1386.36,1386.36,,9.7
AFG,Afghanistan,Kabul,Kabul,Kabul,34.516667,69.183333,gid_345166670691833330,5/1/2007,2007,5,AFN,,,,50.77,51.08,50.45,50.72,,10,254.59,258.59,253.52,258.59,,9.6,1372.64,1385.4,1341.78,1341.78,,9.7
AFG,Afghanistan,Kabul,Kabul,Kabul,34.516667,69.183333,gid_345166670691833330,6/1/2007,2007,6,AFN,,,,50.7,50.97,50.42,50.84,,10,258.81,260.82,256.8,257.8,,9.6,1328.87,1366.47,1317,1366.47,,9.7
AFG,Afghanistan,Kabul,Kabul,Kabul,34.516667,69.183333,gid_345166670691833330,7/1/2007,2007,7,AFN,,,,50.87,51.13,50.61,50.69,,10,256.78,258.21,255.4,258.21,,9.6,1374,1386.75,1356.46,1356.46,,9.7
AFG,Afghanistan,Kabul,Kabul,Kabul,34.516667,69.183333,gid_345166670691833330,8/1/2007,2007,8,AFN,,,,50.64,50.9,50.38,50.78,,10,258.39,259.6,257.18,257.59,,9.6,1353.47,1364.4,1342.55,1364.11,,9.7
AFG,Afghanistan,Kabul,Kabul,Kabul,34.516667,69.183333,gid_345166670691833330,9/1/2007,2007,9,AFN,,,,50.81,51.08,50.54,50.79,,10,257.42,260.31,256.39,260.31,,9.6,1366.43,1375.77,1319,1319,,9.7
AFG,Afghanistan,Kabul,Kabul,Kabul,34.516667,69.183333,gid_345166670691833330,10/1/2007,2007,10,AFN,,,,50.79,51.06,50.52,50.83,,10,260.81,262.39,259.24,260.49,,9.6,1305.92,1318.22,1293.61,1302.39,,9.7
AFG,Afghanistan,Kabul,Kabul,Kabul,34.516667,69.183333,gid_345166670691833330,11/1/2007,2007,11,AFN,,,,50.84,51.11,50.48,50.48,,10,259.9,261.43,258.77,261.43,,9.6,1297.51,1307.42,1253.02,1253.02,,9.7
AFG,Afghanistan,Kabul,Kabul,Kabul,34.516667,69.183333,gid_345166670691833330,12/1/2007,2007,12,AFN,,,,50.36,50.66,50.06,50.55,,10,261.49,270.87,260.32,270.87,,9.6,1238.77,1250.77,1098.84,1098.84,,9.7
AFG,Afghanistan,Kabul,Kabul,Kabul,34.516667,69.183333,gid_345166670691833330,1/1/2008,2008,1,AFN,,,,50.57,50.88,50.26,50.32,-0.49,10,271.95,278.57,267.56,278.57,10,9.6,1067.53,1088.75,1004.05,1004.05,-29.9,9.7
AFG,Afghanistan,Kabul,Kabul,Kabul,34.516667,69.183333,gid_345166670691833330,2/1/2008,2008,2,AFN,,,,50.25,50.56,49.71,49.71,-2.14,10,277.35,281.31,271.63,271.63,7.66,9.6,978.11,1094.7,958.57,1094.7,-24.77,9.7
AFG,Afghanistan,Kabul,Kabul,Kabul,34.516667,69.183333,gid_345166670691833330,3/1/2008,2008,3,AFN,,,,49.51,49.86,49.15,49.67,-2.34,10,268.89,273.2,265.56,273.2,7.86,9.6,1124.32,1155.91,1045.94,1045.94,-27.05,9.7
AFG,Afghanistan,Kabul,Kabul,Kabul,34.516667,69.183333,gid_345166670691833330,4/1/2008,2008,4,AFN,,,,49.65,50.22,49.29,50.22,-1.13,10,274.84,278.85,272.09,278.85,9.51,9.6,1031.93,1060.3,963.27,963.27,-30.52,9.7
AFG,Afghanistan,Kabul,Kabul,Kabul,34.516667,69.183333,gid_345166670691833330,5/1/2008,2008,5,AFN,,,,50.4,50.79,50.01,50.29,-0.85,10,279.33,284.93,276.84,284.93,10.19,9.6,940.53,964.92,879.81,879.81,-34.43,9.7
AFG,Afghanistan,Kabul,Kabul,Kabul,34.516667,69.183333,gid_345166670691833330,6/1/2008,2008,6,AFN,,,,50.32,50.7,49.83,49.83,-1.98,10,284.43,290.56,281.44,290.56,12.71,9.6,856.95,877.93,831.93,831.93,-39.12,9.7
AFG,Afghanistan,Kabul,Kabul,Kabul,34.516667,69.183333,gid_345166670691833330,7/1/2008,2008,7,AFN,,,,49.68,50.83,49.3,50.83,0.29,10,289.84,295.41,286.52,295.41,14.41,9.6,818.42,834.74,802.11,806.68,-40.53,9.7
AFG,Afghanistan,Kabul,Kabul,Kabul,34.516667,69.183333,gid_345166670691833330,8/1/2008,2008,8,AFN,,,,51.16,51.72,50.6,50.76,-0.05,10,294.68,297.99,291.47,297.99,15.68,9.6,799.31,811.97,779.7,779.7,-42.84,9.7
AFG,Afghanistan,Kabul,Kabul,Kabul,34.516667,69.183333,gid_345166670691833330,9/1/2008,2008,9,AFN,,,,50.74,51.32,50.17,51.17,0.76,10,297.15,301.57,294.71,301.57,15.85,9.6,771.93,782.4,751.6,751.6,-43.02,9.7
AFG,Afghanistan,Kabul,Kabul,Kabul,34.516667,69.183333,gid_345166670691833330,10/1/2008,2008,10,AFN,,,,51.31,51.85,50.76,51.01,0.37,10,301.4,303.93,298.88,301.17,15.62,9.6,743.45,765.08,734.43,765.08,-41.26,9.7
AFG,Afghanistan,Kabul,Kabul,Kabul,34.516667,69.183333,gid_345166670691833330,11/1/2008,2008,11,AFN,,,,50.97,52.35,50.5,52.35,3.71,10,300.27,301.89,293.82,293.82,12.39,9.6,769.24,803.93,760.56,803.93,-35.84,9.7
AFG,Afghanistan,Kabul,Kabul,Kabul,34.516667,69.183333,gid_345166670691833330,12/1/2008,2008,12,AFN,,,,52.8,53.44,52.15,52.67,4.18,10,292.91,295.92,289.9,290.78,7.35,9.6,816.1,832.73,805.49,832.73,-24.22,9.7
AFG,Afghanistan,Kabul,Kabul,Kabul,34.516667,69.183333,gid_345166670691833330,1/1/2009,2009,1,AFN,,,,52.78,53.42,52.14,52.83,4.98,10,291.97,294.01,289.36,289.36,3.87,9.6,841.7,851.17,832.24,832.44,-17.09,9.7
AFG,Afghanistan,Kabul,Kabul,Kabul,34.516667,69.183333,gid_345166670691833330,2/1/2009,2009,2,AFN,,,,52.88,53.44,52.33,52.92,6.45,10,289.92,291.7,287.35,287.35,5.79,9.6,832.3,893.74,824.47,893.74,-18.36,9.7
AFG,Afghanistan,Kabul,Kabul,Kabul,34.516667,69.183333,gid_345166670691833330,3/1/2009,2009,3,AFN,,,,52.95,53.4,51.62,51.62,3.93,10,287.43,289.11,284.89,284.89,4.28,9.6,913.5,934.58,898.02,934.58,-10.65,9.7
AFG,Afghanistan,Kabul,Kabul,Kabul,34.516667,69.183333,gid_345166670691833330,4/1/2009,2009,4,AFN,,,,51.21,51.79,50.63,50.76,1.07,10,285.02,286.66,283.39,284.14,1.9,9.6,947.29,976.5,933.71,976.5,1.37,9.7
AFG,Afghanistan,Kabul,Kabul,Kabul,34.516667,69.183333,gid_345166670691833330,5/1/2009,2009,5,AFN,,,,50.47,51.05,49.89,50.11,-0.36,10,284.61,285.86,281.94,281.94,-1.05,9.6,989.68,1002.63,976.73,1002.36,13.93,9.7
AFG,Afghanistan,Kabul,Kabul,Kabul,34.516667,69.183333,gid_345166670691833330,6/1/2009,2009,6,AFN,,,,49.9,50.62,49.37,50.62,1.58,10,281.84,283.39,280.28,280.34,-3.52,9.6,1010.22,1032.85,999.3,1032.85,24.15,9.7
AFG,Afghanistan,Kabul,Kabul,Kabul,34.516667,69.183333,gid_345166670691833330,7/1/2009,2009,7,AFN,,,,50.78,51.3,50.25,50.25,-1.15,10,280.63,281.95,279.31,279.44,-5.4,9.6,1042.33,1052.62,1027.95,1027.95,27.43,9.7
AFG,Afghanistan,Kabul,Kabul,Kabul,34.516667,69.183333,gid_345166670691833330,8/1/2009,2009,8,AFN,,,,50.13,50.63,49.64,49.96,-1.58,10,279.7,282.66,278.53,282.66,-5.14,9.6,1026.41,1035.23,1004.12,1004.12,28.78,9.7
AFG,Afghanistan,Kabul,Kabul,Kabul,34.516667,69.183333,gid_345166670691833330,9/1/2009,2009,9,AFN,,,,49.86,50.29,49.43,50,-2.29,10,283.31,284.97,278.19,278.19,-7.75,9.6,997.23,1060.62,988.81,1060.62,41.12,9.7
AFG,Afghanistan,Kabul,Kabul,Kabul,34.516667,69.183333,gid_345166670691833330,10/1/2009,2009,10,AFN,,,,50.01,50.38,49.65,49.8,-2.37,10,276.9,279.41,274.39,277.89,-7.73,9.6,1078.41,1094.3,1062.52,1067.18,39.49,9.7
AFG,Afghanistan,Kabul,Kabul,Kabul,34.516667,69.183333,gid_345166670691833330,11/1/2009,2009,11,AFN,,,,49.74,50.05,49.3,49.3,-5.82,10,278.8,280.44,275.54,275.54,-6.22,9.6,1069.21,1118.55,1056.34,1118.55,39.14,9.7
AFG,Afghanistan,Kabul,Kabul,Kabul,34.516667,69.183333,gid_345166670691833330,12/1/2009,2009,12,AFN,,,,49.14,49.45,48.82,49.16,-6.66,10,275.34,278.71,273.5,278.71,-4.15,9.6,1134.6,1149.93,1070.02,1070.02,28.5,9.7
AFG,Afghanistan,Kabul,Kabul,Kabul,34.516667,69.183333,gid_345166670691833330,1/1/2010,2010,1,AFN,,,,49.11,49.4,48.69,48.69,-7.83,10,279.67,281.64,269.67,269.67,-6.81,9.6,1056.17,1206.45,1038.7,1206.45,44.93,9.7
AFG,Afghanistan,Kabul,Kabul,Kabul,34.516667,69.183333,gid_345166670691833330,2/1/2010,2010,2,AFN,,,,48.54,48.86,48.22,48.38,-8.58,10,267.83,272.27,263.38,266.38,-7.3,9.6,1239.24,1273.97,1208.6,1273.97,42.54,9.7
AFG,Afghanistan,Kabul,Kabul,Kabul,34.516667,69.183333,gid_345166670691833330,3/1/2010,2010,3,AFN,,,,48.27,48.58,47.96,48.51,-6.04,10,267.86,270.45,264.6,264.6,-7.12,9.6,1295.34,1321.8,1268.88,1297.15,38.79,9.7
AFG,Afghanistan,Kabul,Kabul,Kabul,34.516667,69.183333,gid_345166670691833330,4/1/2010,2010,4,AFN,,,,48.54,48.85,48.24,48.24,-4.96,10,265.18,267.31,263.04,266.46,-6.22,9.6,1304.18,1325.32,1274.44,1274.44,30.51,9.7
AFG,Afghanistan,Kabul,Kabul,Kabul,34.516667,69.183333,gid_345166670691833330,5/1/2010,2010,5,AFN,,,,48.16,48.47,47.62,47.62,-4.98,10,267.15,268.65,265.66,267.86,-4.99,9.6,1267.79,1285.31,1247.27,1247.27,24.43,9.7
AFG,Afghanistan,Kabul,Kabul,Kabul,34.516667,69.183333,gid_345166670691833330,6/1/2010,2010,6,AFN,,,,47.41,47.76,46.75,46.75,-7.64,10,267.64,269.61,266.49,269.61,-3.83,9.6,1239.29,1253.54,1202.8,1202.8,16.45,9.7
AFG,Afghanistan,Kabul,Kabul,Kabul,34.516667,69.183333,gid_345166670691833330,7/1/2010,2010,7,AFN,,,,46.47,46.88,45.85,45.85,-8.76,10,269.51,271.92,268.2,271.92,-2.69,9.6,1189.98,1203.26,1132.44,1132.44,10.16,9.7
AFG,Afghanistan,Kabul,Kabul,Kabul,34.516667,69.183333,gid_345166670691833330,8/1/2010,2010,8,AFN,,,,45.55,46.71,45.1,46.71,-6.5,10,271.81,273.3,270.32,273.28,-3.32,9.6,1112.59,1127.79,1097.39,1103.7,9.92,9.7
AFG,Afghanistan,Kabul,Kabul,Kabul,34.516667,69.183333,gid_345166670691833330,9/1/2010,2010,9,AFN,,,,46.99,47.59,45.78,45.78,-8.43,10,272.91,276.69,271.63,276.69,-0.54,9.6,1095.34,1107.26,1083.42,1094.95,3.24,9.7
AFG,Afghanistan,Kabul,Kabul,Kabul,34.516667,69.183333,gid_345166670691833330,10/1/2010,2010,10,AFN,,,,45.5,46.22,44.78,45.75,-8.14,10,276.81,278.79,274.83,277.85,-0.02,9.6,1092.33,1101.84,1070.91,1070.91,0.35,9.7
AFG,Afghanistan,Kabul,Kabul,Kabul,34.516667,69.183333,gid_345166670691833330,11/1/2010,2010,11,AFN,,,,45.73,46.41,45.05,45.65,-7.41,10,277.21,279.53,275.8,279.53,1.45,9.6,1063.89,1072.69,1055.09,1058.48,-5.37,9.7
AFG,Afghanistan,Kabul,Kabul,Kabul,34.516667,69.183333,gid_345166670691833330,12/1/2010,2010,12,AFN,,,,45.62,46.19,45.05,45.29,-7.87,10,279.45,280.95,277.47,277.47,-0.44,9.6,1054.79,1087.2,1047.54,1087.2,1.61,9.7
AFG,Afghanistan,Kabul,Kabul,Kabul,34.516667,69.183333,gid_345166670691833330,1/1/2011,2011,1,AFN,,,,45.17,45.69,44.72,45.69,-6.16,10,276.81,278.22,270.35,270.35,0.25,9.6,1096.05,1137.29,1086.64,1137.29,-5.73,9.7
AFG,Afghanistan,Kabul,Kabul,Kabul,34.516667,69.183333,gid_345166670691833330,2/1/2011,2011,2,AFN,,,,45.82,46.21,45.43,45.78,-5.36,10,269.85,272.81,266.89,270.63,1.6,9.6,1152.95,1165.1,1140.8,1156.91,-9.19,9.7
AFG,Afghanistan,Kabul,Kabul,Kabul,34.516667,69.183333,gid_345166670691833330,3/1/2011,2011,3,AFN,,,,45.82,46.14,45.5,45.56,-6.07,10,272.25,274.07,270.43,271.12,2.47,9.6,1162.91,1172.89,1152.92,1160.79,-10.51,9.7
AFG,Afghanistan,Kabul,Kabul,Kabul,34.516667,69.183333,gid_345166670691833330,4/1/2011,2011,4,AFN,,,,45.49,45.82,45.22,45.82,-5.03,10,271.2,272.54,269.86,272.08,2.11,9.6,1161.93,1170.14,1153.71,1160.45,-8.94,9.7
AFG,Afghanistan,Kabul,Kabul,Kabul,34.516667,69.183333,gid_345166670691833330,5/1/2011,2011,5,AFN,,,,45.9,46.21,45.62,46.21,-2.96,10,272.1,273.21,270.98,272.54,1.75,9.6,1160.37,1167.27,1153.48,1157.75,-7.18,9.7
AFG,Afghanistan,Kabul,Kabul,Kabul,34.516667,69.183333,gid_345166670691833330,6/1/2011,2011,6,AFN,,,,46.34,46.88,46.05,46.88,0.26,10,272.38,273.36,271.39,272.56,1.09,9.6,1156.93,1162.89,1150.96,1153.44,-4.1,9.7
AFG,Afghanistan,Kabul,Kabul,Kabul,34.516667,69.183333,gid_345166670691833330,7/1/2011,2011,7,AFN,,,,47.1,47.69,46.76,47.69,4.03,10,272.45,274.94,271.52,274.94,1.11,9.6,1152.18,1157.51,1118.6,1118.6,-1.22,9.7
AFG,Afghanistan,Kabul,Kabul,Kabul,34.516667,69.183333,gid_345166670691833330,8/1/2011,2011,8,AFN,,,,47.97,48.38,47.56,47.65,2.02,10,275.25,276.69,273.68,273.68,0.15,9.6,1108.46,1129.53,1100.13,1129.53,2.34,9.7
AFG,Afghanistan,Kabul,Kabul,Kabul,34.516667,69.183333,gid_345166670691833330,9/1/2011,2011,9,AFN,,,,47.65,48.06,47.23,47.71,4.21,10,272.98,274.39,271.7,274.39,-0.83,9.6,1132.87,1141.18,1124.55,1125.58,2.8,9.7
AFG,Afghanistan,Kabul,Kabul,Kabul,34.516667,69.183333,gid_345166670691833330,10/1/2011,2011,10,AFN,,,,47.73,48.49,47.35,48.49,5.98,10,274.74,276.42,273.54,276.42,-0.52,9.6,1124.37,1131.45,1100.44,1100.44,2.76,9.7
AFG,Afghanistan,Kabul,Kabul,Kabul,34.516667,69.183333,gid_345166670691833330,11/1/2011,2011,11,AFN,,,,48.74,49.18,48.31,48.66,6.6,10,276.54,277.79,275.29,277.5,-0.73,9.6,1093.11,1100.81,1084.31,1084.31,2.44,9.7
AFG,Afghanistan,Kabul,Kabul,Kabul,34.516667,69.183333,gid_345166670691833330,12/1/2011,2011,12,AFN,,,,48.73,49.14,48.31,49.13,8.49,10,277.18,278.29,276.07,277.13,-0.12,9.6,1079.53,1095.44,1072.9,1095.44,0.76,9.7
AFG,Afghanistan,Kabul,Kabul,Kabul,34.516667,69.183333,gid_345166670691833330,1/1/2012,2012,1,AFN,,,,49.29,49.69,48.89,49.58,8.51,10,276.81,277.79,275.84,277.51,2.65,9.6,1098.83,1105.51,1092.16,1104.43,-2.89,9.7
AFG,Afghanistan,Kabul,Kabul,Kabul,34.516667,69.183333,gid_345166670691833330,2/1/2012,2012,2,AFN,,,,49.73,50.1,49.35,49.81,8.8,10,277.63,278.61,276.66,277.56,2.56,9.6,1107.11,1113.01,1101.21,1109.74,-4.08,9.7
AFG,Afghanistan,Kabul,Kabul,Kabul,34.516667,69.183333,gid_345166670691833330,3/1/2012,2012,3,AFN,,,,49.89,50.23,49.56,50.01,9.76,10,277.48,278.41,276.55,277.3,2.28,9.6,1111.36,1122.99,1106.11,1122.99,-3.26,9.7
AFG,Afghanistan,Kabul,Kabul,Kabul,34.516667,69.183333,gid_345166670691833330,4/1/2012,2012,4,AFN,,,,50.07,50.47,49.77,50.47,10.16,10,277.25,278.17,276.33,277.57,2.02,9.6,1126.98,1132.41,1121.54,1122.91,-3.23,9.7
AFG,Afghanistan,Kabul,Kabul,Kabul,34.516667,69.183333,gid_345166670691833330,5/1/2012,2012,5,AFN,,,,50.62,50.93,50.31,50.61,9.52,10,277.67,278.59,276.75,277.38,1.78,9.6,1122.92,1127.9,1117.94,1122.83,-3.02,9.7
AFG,Afghanistan,Kabul,Kabul,Kabul,34.516667,69.183333,gid_345166670691833330,6/1/2012,2012,6,AFN,,,,50.66,50.98,50.36,50.98,8.76,10,277.29,278.21,276.37,277.73,1.9,9.6,1122.78,1127.38,1106.08,1106.08,-4.11,9.7
AFG,Afghanistan,Kabul,Kabul,Kabul,34.516667,69.183333,gid_345166670691833330,7/1/2012,2012,7,AFN,,,,51.11,51.94,50.79,51.94,8.9,10,277.82,278.86,276.89,278.86,1.43,9.6,1101.16,1106.68,1051.5,1051.5,-6,9.7
AFG,Afghanistan,Kabul,Kabul,Kabul,34.516667,69.183333,gid_345166670691833330,8/1/2012,2012,8,AFN,,,,52.26,52.69,51.82,51.92,8.96,10,278.94,282.11,277.91,282.11,3.08,9.6,1035.94,1046.95,1015.85,1015.85,-10.06,9.7
AFG,Afghanistan,Kabul,Kabul,Kabul,34.516667,69.183333,gid_345166670691833330,9/1/2012,2012,9,AFN,,,,51.92,52.38,51.47,52.02,9.04,10,282.29,284,280.58,283.62,3.36,9.6,1005.58,1015.07,988.75,988.75,-12.16,9.7
AFG,Afghanistan,Kabul,Kabul,Kabul,34.516667,69.183333,gid_345166670691833330,10/1/2012,2012,10,AFN,,,,52.06,52.76,51.63,52.76,8.83,10,283.07,288.55,281.71,288.55,4.39,9.6,980.82,989.09,966.21,966.21,-12.2,9.7
AFG,Afghanistan,Kabul,Kabul,Kabul,34.516667,69.183333,gid_345166670691833330,11/1/2012,2012,11,AFN,,,,53.01,54.32,52.55,54.32,11.63,10,288.84,291.53,286.15,291.07,4.89,9.6,959.64,966.93,938.05,938.05,-13.49,9.7
AFG,Afghanistan,Kabul,Kabul,Kabul,34.516667,69.183333,gid_345166670691833330,12/1/2012,2012,12,AFN,,,,54.85,55.51,53.38,53.38,8.65,10,290.25,293.4,288.3,293.4,5.87,9.6,929.84,937.19,922.48,928.97,-15.2,9.7
AFG,Afghanistan,Kabul,Kabul,Kabul,34.516667,69.183333,gid_345166670691833330,1/1/2013,2013,1,AFN,,,,53.1,53.92,52.27,52.74,6.39,10,293.09,295.03,291.15,293,5.58,9.6,926.3,932.34,920.27,924.83,-16.26,9.6
AFG,Afghanistan,Kabul,Kabul,Kabul,34.516667,69.183333,gid_345166670691833330,2/1/2013,2013,2,AFN,,,,52.53,53.32,51.74,52.87,6.14,10,292.38,293.72,291.05,293.19,5.63,9.6,923.57,928.68,918.45,925.36,-16.61,9.6
AFG,Afghanistan,Kabul,Kabul,Kabul,34.516667,69.183333,gid_345166670691833330,3/1/2013,2013,3,AFN,,,,52.9,54.38,52.22,54.38,8.74,10,293.28,294.42,292.14,292.78,5.58,9.6,925.55,930.04,910.18,910.18,-18.95,9.6
AFG,Afghanistan,Kabul,Kabul,Kabul,34.516667,69.183333,gid_345166670691833330,4/1/2013,2013,4,AFN,,,,54.89,55.67,54.11,54.51,8.01,10,292.69,293.73,291.65,292.05,5.22,9.6,905.68,910.79,900.58,907.72,-19.16,9.6
AFG,Afghanistan,Kabul,Kabul,Kabul,34.516667,69.183333,gid_345166670691833330,5/1/2013,2013,5,AFN,,,,54.57,55.52,53.84,55.52,9.72,10,292.04,297.73,291.02,297.73,7.34,9.6,907.01,911.48,868.22,868.22,-22.68,9.6
AFG,Afghanistan,Kabul,Kabul,Kabul,34.516667,69.183333,gid_345166670691833330,6/1/2013,2013,6,AFN,,,,55.86,56.57,55.15,55.32,8.5,10,298.68,301.42,295.94,299.83,7.96,9.6,856.87,865.58,848.16,851.54,-23.01,9.6
AFG,Afghanistan,Kabul,Kabul,Kabul,34.516667,69.183333,gid_345166670691833330,7/1/2013,2013,7,AFN,,,,55.26,57.38,54.62,57.38,10.47,10,298.81,301.76,297.02,301.76,8.21,9.6,846.68,853.68,833.38,833.38,-20.74,9.6
AFG,Afghanistan,Kabul,Kabul,Kabul,34.516667,69.183333,gid_345166670691833330,8/1/2013,2013,8,AFN,,,,58.07,59.03,56.76,56.76,9.33,10,301.48,303.31,298.47,298.47,5.8,9.6,828.03,848.41,821.76,848.41,-16.48,9.6
AFG,Afghanistan,Kabul,Kabul,Kabul,34.516667,69.183333,gid_345166670691833330,9/1/2013,2013,9,AFN,,,,56.59,57.64,55.54,57.03,9.62,10,297.58,299.41,295.74,298.02,5.08,9.6,853.03,859.91,846.15,853.07,-13.72,9.6
AFG,Afghanistan,Kabul,Kabul,Kabul,34.516667,69.183333,gid_345166670691833330,10/1/2013,2013,10,AFN,,,,57.11,58.07,56.15,57.57,9.12,10,298.67,299.98,296.9,296.9,2.89,9.6,854.44,867.13,848.74,867.13,-10.25,9.6
AFG,Afghanistan,Kabul,Kabul,Kabul,34.516667,69.183333,gid_345166670691833330,11/1/2013,2013,11,AFN,,,,57.76,58.57,56.95,57.84,6.49,10,296.89,298.22,295.55,297.13,2.08,9.6,871.45,877.05,856.36,856.36,-8.71,9.6
AFG,Afghanistan,Kabul,Kabul,Kabul,34.516667,69.183333,gid_345166670691833330,12/1/2013,2013,12,AFN,,,,57.94,58.55,57.32,58.02,8.69,10,297.42,298.52,296.32,298.11,1.6,9.6,853.13,858.79,837.54,837.54,-9.84,9.6
AFG,Afghanistan,Kabul,Kabul,Kabul,34.516667,69.183333,gid_345166670691833330,1/1/2014,2014,1,AFN,,,,58.08,58.5,57.3,57.3,8.64,10,298.2,299.26,297.14,298.76,1.97,9.6,832.08,837.76,826.4,832.65,-9.97,9.6
AFG,Afghanistan,Kabul,Kabul,Kabul,34.516667,69.183333,gid_345166670691833330,2/1/2014,2014,2,AFN,57.67,250,700,57.07,57.67,56.69,57.67,9.08,10,298.63,299.66,297.59,299.24,2.06,9.7,831.15,835.92,802.97,802.97,-13.23,9.8
AFG,Afghanistan,Kabul,Kabul,Kabul,34.516667,69.183333,gid_345166670691833330,3/1/2014,2014,3,AFN,,,,57.78,58.19,57.38,57.86,6.41,10,299.14,304.54,298.11,304.54,4.02,9.7,794.44,801.42,777.33,777.33,-14.6,9.8
AFG,Afghanistan,Kabul,Kabul,Kabul,34.516667,69.183333,gid_345166670691833330,4/1/2014,2014,4,AFN,,,,57.93,58.32,57.53,58.04,6.47,10,305.14,308.1,302.52,308.1,5.5,9.7,769.87,776.41,758.79,758.79,-16.41,9.8
AFG,Afghanistan,Kabul,Kabul,Kabul,34.516667,69.183333,gid_345166670691833330,5/1/2014,2014,5,AFN,,,,58.09,58.46,57.73,57.96,4.39,10,307.36,309.49,305.22,305.22,2.52,9.7,753.41,759.12,747.69,757,-12.81,9.8
AFG,Afghanistan,Kabul,Kabul,Kabul,34.516667,69.183333,gid_345166670691833330,6/1/2014,2014,6,AFN,,,,57.94,58.28,57.6,57.8,4.5,10,303.98,305.68,302.12,302.12,0.76,9.7,756.43,762.36,751.63,762.36,-10.47,9.8
AFG,Afghanistan,Kabul,Kabul,Kabul,34.516667,69.183333,gid_345166670691833330,7/1/2014,2014,7,AFN,56.95,350,837.5,57.75,58.07,56.95,56.95,-0.74,10,302.3,350,300.82,350,15.99,9.8,764.01,837.5,759.7,837.5,0.49,9.9
AFG,Afghanistan,Kabul,Kabul,Kabul,34.516667,69.183333,gid_345166670691833330,8/1/2014,2014,8,AFN,56.7,300,812.5,56.67,57.09,56.26,56.7,-0.11,10,355.65,371.51,300,300,0.51,9.9,860.19,876.34,812.5,812.5,-4.23,10
AFG,Afghanistan,Kabul,Kabul,Kabul,34.516667,69.183333,gid_345166670691833330,9/1/2014,2014,9,AFN,57.23,300,800,56.61,57.23,56.19,57.23,0.35,10,288.99,304.07,273.9,300,0.66,10,805.26,820.96,789.55,800,-6.22,10
AFG,Afghanistan,Kabul,Kabul,Kabul,34.516667,69.183333,gid_345166670691833330,10/1/2014,2014,10,AFN,57.62,300,800,57.4,57.86,56.94,57.62,0.08,10,306.57,317.32,295.83,300,1.04,10,796.3,808.5,784.1,800,-7.74,10
AFG,Afghanistan,Kabul,Kabul,Kabul,34.516667,69.183333,gid_345166670691833330,11/1/2014,2014,11,AFN,57.92,300,800,57.75,58.2,57.31,57.92,0.13,10,300.3,306.9,293.7,300,0.97,10,800.08,809.77,790.39,800,-6.58,10
AFG,Afghanistan,Kabul,Kabul,Kabul,34.516667,69.183333,gid_345166670691833330,12/1/2014,2014,12,AFN,57.98,275,750,58.02,58.43,57.62,57.98,-0.07,10,300.02,303.74,275,275,-7.75,10,800.14,807.88,750,750,-10.45,10
AFG,Afghanistan,Kabul,Kabul,Kabul,34.516667,69.183333,gid_345166670691833330,1/1/2015,2015,1,AFN,57.67,250,700,58,58.36,57.64,57.67,0.64,10,271.9,282.19,250,250,-16.32,10,735.98,747.5,700,700,-15.93,10
AFG,Afghanistan,Kabul,Kabul,Kabul,34.516667,69.183333,gid_345166670691833330,2/1/2015,2015,2,AFN,57.38,250,700,57.57,57.91,57.23,57.38,-0.5,10,251.64,261.82,241.46,250,-16.45,10,686.03,700,674.96,700,-12.82,10
AFG,Afghanistan,Kabul,Kabul,Kabul,34.516667,69.183333,gid_345166670691833330,3/1/2015,2015,3,AFN,57.55,250,700,57.28,57.61,56.95,57.55,-0.54,10,255.32,261,249.64,250,-17.91,10,699.96,709.17,690.75,700,-9.95,10
AFG,Afghanistan,Kabul,Kabul,Kabul,34.516667,69.183333,gid_345166670691833330,4/1/2015,2015,4,AFN,58.05,287.5,700,57.6,58.05,57.27,58.05,0.03,10,250.26,287.5,246.27,287.5,-6.69,10,699.87,707.2,692.55,700,-7.75,10
AFG,Afghanistan,Kabul,Kabul,Kabul,34.516667,69.183333,gid_345166670691833330,5/1/2015,2015,5,AFN,59.7,300,700,58.22,59.7,57.85,59.7,3,10,291.51,304.71,278.31,300,-1.71,10,699.97,705.87,694.06,700,-7.53,10
AFG,Afghanistan,Kabul,Kabul,Kabul,34.516667,69.183333,gid_345166670691833330,6/1/2015,2015,6,AFN,60.42,300,700,60.26,60.92,59.59,60.42,4.53,10,294.79,303.34,286.25,300,-0.7,9.9,699.93,704.78,695.08,700,-8.18,9.9
AFG,Afghanistan,Kabul,Kabul,Kabul,34.516667,69.183333,gid_345166670691833330,7/1/2015,2015,7,AFN,60.81,300,700,60.68,61.37,59.98,60.81,6.78,10,296.73,302.02,291.45,300,-14.29,9.9,700.01,704.09,695.93,700,-16.42,9.9
AFG,Afghanistan,Kabul,Kabul,Kabul,34.516667,69.183333,gid_345166670691833330,8/1/2015,2015,8,AFN,63.02,300,700,60.94,63.02,60.31,63.02,11.15,10,299.82,303.14,296.51,300,0,9.9,699.9,703.43,696.37,700,-13.85,9.9
AFG,Afghanistan,Kabul,Kabul,Kabul,34.516667,69.183333,gid_345166670691833330,9/1/2015,2015,9,AFN,64.1,300,700,63.77,64.72,62.82,64.1,12,10,300.02,302.02,298.02,300,0,9.9,700.02,703.18,696.86,700,-12.5,9.9
AFG,Afghanistan,Kabul,Kabul,Kabul,34.516667,69.183333,gid_345166670691833330,10/1/2015,2015,10,AFN,64.46,300,700,64.48,65.44,63.52,64.46,11.87,10,299.99,301.36,298.62,300,0,9.9,699.92,702.83,697.02,700,-12.5,9.9
AFG,Afghanistan,Kabul,Kabul,Kabul,34.516667,69.183333,gid_345166670691833330,11/1/2015,2015,11,AFN,66.28,300,700,64.59,66.28,63.75,66.28,14.43,10,300.05,301.16,298.93,300,0,9.9,700.16,702.91,697.42,700,-12.5,9.9
AFG,Afghanistan,Kabul,Kabul,Kabul,34.516667,69.183333,gid_345166670691833330,12/1/2015,2015,12,AFN,67.64,262.5,625,66.89,67.82,65.97,67.64,16.66,10,299.96,300.99,262.5,262.5,-4.55,9.9,700.05,702.69,625,625,-16.67,9.9
AFG,Afghanistan,Kabul,Kabul,Kabul,34.516667,69.183333,gid_345166670691833330,1/1/2016,2016,1,AFN,68.56,250,600,68.11,69.01,67.22,68.56,18.88,10,258.9,270.74,247.06,250,0,9.9,607.12,619.93,594.32,600,-14.29,9.9
AFG,Afghanistan,Kabul,Kabul,Kabul,34.516667,69.183333,gid_345166670691833330,2/1/2016,2016,2,AFN,68.9,250,600,68.88,69.66,68.09,68.9,20.08,10,254.15,261.41,246.9,250,0,9.9,592.82,602.57,583.06,600,-14.29,9.9
AFG,Afghanistan,Kabul,Kabul,Kabul,34.516667,69.183333,gid_345166670691833330,3/1/2016,2016,3,AFN,68.55,287.5,600,69.02,69.65,68.39,68.55,19.11,10,252.97,287.5,248.57,287.5,15,9.9,600.13,607.99,592.26,600,-14.29,9.9
AFG,Afghanistan,Kabul,Kabul,Kabul,34.516667,69.183333,gid_345166670691833330,4/1/2016,2016,4,AFN,68.47,300,600,68.44,68.94,67.94,68.47,17.95,10,291.58,303.5,279.67,300,4.35,9.9,599.95,606.2,593.69,600,-14.29,9.9
AFG,Afghanistan,Kabul,Kabul,Kabul,34.516667,69.183333,gid_345166670691833330,5/1/2016,2016,5,AFN,68.86,312.5,700,68.44,68.86,68.04,68.86,15.34,10,294.79,312.5,286.91,312.5,4.17,9.9,599.96,650,594.92,650,-7.14,9.9
AFG,Afghanistan,Kabul,Kabul,Kabul,34.516667,69.183333,gid_345166670691833330,6/1/2016,2016,6,AFN,69.05,350,700,68.99,69.35,68.62,69.05,14.28,10,310.83,350,301.51,350,16.67,9.9,666.22,700,653.94,700,0,9.9
AFG,Afghanistan,Kabul,Kabul,Kabul,34.516667,69.183333,gid_345166670691833330,7/1/2016,2016,7,AFN,68.8,350,700,69.12,69.47,68.76,68.8,13.14,10,351.37,368.97,333.77,350,16.67,9.9,716.11,729.03,700,700,0,9.9
AFG,Afghanistan,Kabul,Kabul,Kabul,34.516667,69.183333,gid_345166670691833330,8/1/2016,2016,8,AFN,67.28,350,700,68.72,69.08,67.28,67.28,6.76,10,341.71,351.5,331.92,350,16.67,9.9,699.98,710.69,689.26,700,0,9.9
AFG,Afghanistan,Kabul,Kabul,Kabul,34.516667,69.183333,gid_345166670691833330,9/1/2016,2016,9,AFN,66.6,350,700,66.79,67.42,66.17,66.6,3.9,10,349.59,356.14,343.04,350,16.67,9.9,699.96,708.44,691.49,700,0,9.9
AFG,Afghanistan,Kabul,Kabul,Kabul,34.516667,69.183333,gid_345166670691833330,10/1/2016,2016,10,AFN,65.92,350,700,66.36,67.01,65.72,65.92,2.26,10,349.99,353.71,346.26,350,16.67,9.9,699.97,706.74,693.19,700,0,9.9
AFG,Afghanistan,Kabul,Kabul,Kabul,34.516667,69.183333,gid_345166670691833330,11/1/2016,2016,11,AFN,66.6,350,700,65.69,66.6,65.09,66.6,0.48,10,350.01,352.26,347.75,350,16.67,9.9,699.97,705.46,694.48,700,0,9.9
AFG,Afghanistan,Kabul,Kabul,Kabul,34.516667,69.183333,gid_345166670691833330,12/1/2016,2016,12,AFN,66.78,350,700,66.82,67.45,66.19,66.78,-1.27,10,350.02,351.59,348.45,350,33.33,9.9,700.04,704.58,695.49,700,12,9.9
AFG,Afghanistan,Kabul,Kabul,Kabul,34.516667,69.183333,gid_345166670691833330,1/1/2017,2017,1,AFN,66.83,350,700,66.85,67.42,66.27,66.83,-2.52,10,349.98,351.27,348.7,350,40,9.9,699.98,703.84,696.12,700,16.67,9.9
AFG,Afghanistan,Kabul,Kabul,Kabul,34.516667,69.183333,gid_345166670691833330,2/1/2017,2017,2,AFN,67.35,350,700,66.85,67.35,66.36,67.35,-2.25,10,350,351.19,348.81,350,40,9.9,699.95,703.33,696.57,700,16.67,9.9
AFG,Afghanistan,Kabul,Kabul,Kabul,34.516667,69.183333,gid_345166670691833330,3/1/2017,2017,3,AFN,67.88,350,700,67.52,67.98,67.07,67.88,-0.98,10,350.04,351.2,348.88,350,21.74,9.9,700.12,703.17,697.06,700,16.67,9.9
AFG,Afghanistan,Kabul,Kabul,Kabul,34.516667,69.183333,gid_345166670691833330,4/1/2017,2017,4,AFN,67.53,350,700,68.06,68.49,67.53,67.53,-1.37,10,349.95,351.1,348.8,350,16.67,9.9,699.97,702.82,697.13,700,16.67,9.9
AFG,Afghanistan,Kabul,Kabul,Kabul,34.516667,69.183333,gid_345166670691833330,5/1/2017,2017,5,AFN,68,350,700,67.42,68,66.98,68,-1.25,10,350,351.15,348.86,350,12,9.9,699.98,702.68,697.28,700,7.69,9.9
AFG,Afghanistan,Kabul,Kabul,Kabul,34.516667,69.183333,gid_345166670691833330,6/1/2017,2017,6,AFN,68.15,350,700,68.15,68.63,67.68,68.15,-1.3,10,350,351.15,348.86,350,0,9.9,699.98,702.6,697.37,700,0,9.9
AFG,Afghanistan,Kabul,Kabul,Kabul,34.516667,69.183333,gid_345166670691833330,7/1/2017,2017,7,AFN,68.25,350,700,68.2,68.66,67.75,68.25,-0.8,10,350.02,351.16,348.87,350,0,9.9,700.06,702.62,697.5,700,0,9.9
AFG,Afghanistan,Kabul,Kabul,Kabul,34.516667,69.183333,gid_345166670691833330,8/1/2017,2017,8,AFN,68.62,337.5,687.5,68.28,68.71,67.86,68.62,1.98,10,349.98,351.12,337.5,337.5,-3.57,9.9,699.99,702.51,687.5,687.5,-1.79,9.9
AFG,Afghanistan,Kabul,Kabul,Kabul,34.516667,69.183333,gid_345166670691833330,9/1/2017,2017,9,AFN,68.5,300,650,68.74,69.15,68.32,68.5,2.85,10,335.89,341.3,300,300,-14.29,9.9,683.83,687.4,650,650,-7.14,9.9
AFG,Afghanistan,Kabul,Kabul,Kabul,34.516667,69.183333,gid_345166670691833330,10/1/2017,2017,10,AFN,68.28,312.5,650,68.47,68.86,68.07,68.28,3.58,10,298.31,312.5,285.14,312.5,-10.71,9.9,639.38,650,632.01,650,-7.14,9.9
AFG,Afghanistan,Kabul,Kabul,Kabul,34.516667,69.183333,gid_345166670691833330,11/1/2017,2017,11,AFN,68.6,350,650,68.21,68.6,67.82,68.6,3,10,321.54,350,311.55,350,0,9.9,649.98,656.29,643.66,650,-7.14,9.9
AFG,Afghanistan,Kabul,Kabul,Kabul,34.516667,69.183333,gid_345166670691833330,12/1/2017,2017,12,AFN,69.41,300,650,68.7,69.41,68.3,69.41,3.94,10,351.96,365,319.58,319.58,-8.69,9.9,649.99,655.11,644.88,650,-7.14,9.9
AFG,Afghanistan,Kabul,Kabul,Kabul,34.516667,69.183333,gid_345166670691833330,1/1/2018,2018,1,AFN,69.4,300,650,69.68,70.16,69.2,69.4,3.85,10,308.34,322.92,293.76,300,-14.29,9.9,649.96,654.19,645.72,650,-7.14,9.9
AFG,Afghanistan,Kabul,Kabul,Kabul,34.516667,69.183333,gid_345166670691833330,2/1/2018,2018,2,AFN,69.05,300,650,69.41,69.89,68.92,69.05,2.52,10,303.05,311.36,294.75,300,-14.29,9.9,650.03,653.63,646.44,650,-7.14,9.9
AFG,Afghanistan,Kabul,Kabul,Kabul,34.516667,69.183333,gid_345166670691833330,3/1/2018,2018,3,AFN,69.17,325,675,68.94,69.41,68.46,69.17,1.9,10,304.37,325,299.52,325,-7.14,9.9,649.88,675,646.73,675,-3.57,9.9
AFG,Afghanistan,Kabul,Kabul,Kabul,34.516667,69.183333,gid_345166670691833330,4/1/2018,2018,4,AFN,69.97,350,737.5,69.21,69.97,68.76,69.97,3.61,10,328.89,350,318.61,350,0,9.9,682.77,737.5,676.53,737.5,5.36,9.9
AFG,Afghanistan,Kabul,Kabul,Kabul,34.516667,69.183333,gid_345166670691833330,5/1/2018,2018,5,AFN,71.22,337.5,750,70.24,71.22,69.73,71.22,4.74,10,347.06,358.8,335.32,337.5,-3.57,9.9,757.48,770.95,744.01,750,7.14,9.9
AFG,Afghanistan,Kabul,Kabul,Kabul,34.516667,69.183333,gid_345166670691833330,6/1/2018,2018,6,AFN,71.74,300,750,71.64,72.26,71.03,71.74,5.27,10,329.76,337.24,300,300,-14.29,9.9,753.79,764.68,742.89,750,7.14,9.9
AFG,Afghanistan,Kabul,Kabul,Kabul,34.516667,69.183333,gid_345166670691833330,7/1/2018,2018,7,AFN,72.17,300,750,71.92,72.53,71.32,72.17,5.74,10,298.04,309.17,286.92,300,-14.29,9.9,749.96,758.63,741.29,750,7.14,9.9
AFG,Afghanistan,Kabul,Kabul,Kabul,34.516667,69.183333,gid_345166670691833330,8/1/2018,2018,8,AFN,72.91,300,750,72.32,72.91,71.76,72.91,6.26,10,306.98,313.2,300,300,-11.11,9.9,749.92,756.86,742.97,750,9.09,9.9
AFG,Afghanistan,Kabul,Kabul,Kabul,34.516667,69.183333,gid_345166670691833330,9/1/2018,2018,9,AFN,74.97,300,750,73.16,74.97,72.62,74.97,9.45,10,300.36,305.03,295.69,300,0,9.9,750,755.66,744.35,750,15.38,9.9
AFG,Afghanistan,Kabul,Kabul,Kabul,34.516667,69.183333,gid_345166670691833330,10/1/2018,2018,10,AFN,75.74,300,750,75.67,76.51,74.83,75.74,10.93,10,299.99,302.69,297.29,300,-4,9.9,749.8,754.5,745.1,750,15.38,9.9
AFG,Afghanistan,Kabul,Kabul,Kabul,34.516667,69.183333,gid_345166670691833330,11/1/2018,2018,11,AFN,75.8,300,750,76.02,76.87,75.16,75.8,10.5,10,300.07,301.77,298.38,300,-14.29,9.9,750.12,754.14,746.1,750,15.38,9.9
AFG,Afghanistan,Kabul,Kabul,Kabul,34.516667,69.183333,gid_345166670691833330,12/1/2018,2018,12,AFN,75.8,300,750,75.83,76.59,75.06,75.8,9.21,10,299.94,301.19,298.7,300,-6.13,9.9,749.82,753.37,746.28,750,15.38,9.9
AFG,Afghanistan,Kabul,Kabul,Kabul,34.516667,69.183333,gid_345166670691833330,1/1/2019,2019,1,AFN,75.28,300,750,75.8,76.43,75.17,75.28,8.47,10,300.04,301.11,298.97,300,0,9.9,749.97,753.19,746.74,750,15.38,9.9
AFG,Afghanistan,Kabul,Kabul,Kabul,34.516667,69.183333,gid_345166670691833330,2/1/2019,2019,2,AFN,74.72,300,750,75.11,75.65,74.58,74.72,8.21,10,300,301.01,298.99,300,0,9.9,749.87,752.88,746.86,750,15.38,9.9
AFG,Afghanistan,Kabul,Kabul,Kabul,34.516667,69.183333,gid_345166670691833330,3/1/2019,2019,3,AFN,75.2,300,750,74.53,75.2,74.06,75.2,8.72,10,300.02,301.01,299.03,300,-7.69,9.9,749.94,752.81,747.07,750,11.11,9.9
AFG,Afghanistan,Kabul,Kabul,Kabul,34.516667,69.183333,gid_345166670691833330,4/1/2019,2019,4,AFN,77.17,300,750,75.35,77.17,74.87,77.17,10.29,10,300.06,301.05,299.07,300,-14.29,9.9,750.18,752.97,747.38,750,1.69,9.9
AFG,Afghanistan,Kabul,Kabul,Kabul,34.516667,69.183333,gid_345166670691833330,5/1/2019,2019,5,AFN,79.45,300,750,77.84,79.45,77.01,79.45,11.56,10,299.94,300.93,298.96,300,-11.11,9.9,750.01,752.75,747.27,750,0,9.9
AFG,Afghanistan,Kabul,Kabul,Kabul,34.516667,69.183333,gid_345166670691833330,6/1/2019,2019,6,AFN,80.4,300,750,80.24,81.3,79.18,80.4,12.07,10,299.98,300.96,298.99,300,0,9.9,749.86,752.56,747.15,750,0,9.9
AFG,Afghanistan,Kabul,Kabul,Kabul,34.516667,69.183333,gid_345166670691833330,7/1/2019,2019,7,AFN,79.9,300,750,80.74,81.76,79.71,79.9,10.71,10,300.01,300.99,299.02,300,0,9.9,749.85,752.54,747.17,750,0,9.9
AFG,Afghanistan,Kabul,Kabul,Kabul,34.516667,69.183333,gid_345166670691833330,8/1/2019,2019,8,AFN,78.25,300,750,79.75,80.67,78.25,78.25,7.32,10,300.05,301.04,299.07,300,0,9.9,750.02,752.7,747.35,750,0,9.9
AFG,Afghanistan,Kabul,Kabul,Kabul,34.516667,69.183333,gid_345166670691833330,9/1/2019,2019,9,AFN,78.24,300,750,77.72,78.63,76.81,78.24,4.36,10,299.99,300.97,299.01,300,0,9.9,750.01,752.67,747.34,750,0,9.9
AFG,Afghanistan,Kabul,Kabul,Kabul,34.516667,69.183333,gid_345166670691833330,10/1/2019,2019,10,AFN,78.24,300,750,78.22,79.05,77.39,78.24,3.3,10,300,300.98,299.01,300,0,9.9,749.95,752.61,747.29,750,0,9.9
AFG,Afghanistan,Kabul,Kabul,Kabul,34.516667,69.183333,gid_345166670691833330,11/1/2019,2019,11,AFN,78.38,300,750,78.24,78.93,77.54,78.38,3.4,10,299.99,300.98,299.01,300,0,9.9,749.92,752.58,747.26,750,0,9.9
AFG,Afghanistan,Kabul,Kabul,Kabul,34.516667,69.183333,gid_345166670691833330,12/1/2019,2019,12,AFN,78.25,300,750,78.43,78.98,77.87,78.25,3.23,10,300,300.99,299.02,300,0,9.9,749.84,752.5,747.18,750,0,9.9
AFG,Afghanistan,Kabul,Kabul,Kabul,34.516667,69.183333,gid_345166670691833330,1/1/2020,2020,1,AFN,76.9,300,750,78.21,78.66,76.9,76.9,2.15,10,300.03,301.01,299.04,300,0,9.9,749.91,752.56,747.25,750,0,9.9
AFG,Afghanistan,Kabul,Kabul,Kabul,34.516667,69.183333,gid_345166670691833330,2/1/2020,2020,2,AFN,75.67,300,750,76.47,77.06,75.75,75.75,1.39,10,300.05,301.03,299.07,300,0,9.9,750.07,752.73,747.42,750,0,9.9
AFG,Afghanistan,Kabul,Kabul,Kabul,34.516667,69.183333,gid_345166670691833330,3/1/2020,2020,3,AFN,76.37,300,750,75.37,76.37,74.72,76.37,1.56,10,299.96,300.95,298.98,300,0,9.9,749.95,752.61,747.3,750,0,9.9
AFG,Afghanistan,Kabul,Kabul,Kabul,34.516667,69.183333,gid_345166670691833330,4/1/2020,2020,4,AFN,76,250,650,76.56,77.28,75.84,76,-1.52,10,299.99,300.98,282.93,282.93,-5.69,9.9,749.85,752.51,650,650,-13.33,9.9
AFG,Afghanistan,Kabul,Kabul,Kabul,34.516667,69.183333,gid_345166670691833330,5/1/2020,2020,5,AFN,76.75,254.25,687.5,75.89,76.75,75.19,76.75,-3.4,10,280.83,287.96,254.25,254.25,-15.25,9.9,631.51,687.5,618.31,687.5,-8.33,9.9
AFG,Afghanistan,Kabul,Kabul,Kabul,34.516667,69.183333,gid_345166670691833330,6/1/2020,2020,6,AFN,77.23,269.2,711.67,76.99,77.7,76.29,77.23,-3.94,10,254.06,269.2,242.96,269.2,-10.27,9.9,699.38,715.99,682.77,711.67,-5.11,9.9
AFG,Afghanistan,Kabul,Kabul,Kabul,34.516667,69.183333,gid_345166670691833330,7/1/2020,2020,7,AFN,77,300,700,77.4,78.04,76.76,77,-3.63,10,277.6,300,268.02,300,0,9.9,719.15,732.87,700,700,-6.67,9.9
AFG,Afghanistan,Kabul,Kabul,Kabul,34.516667,69.183333,gid_345166670691833330,8/1/2020,2020,8,AFN,77,300,700,76.93,77.5,76.36,77,-1.6,10,300.52,311.74,289.31,300,0,9.9,696.57,707.9,685.24,700,-6.67,9.9
AFG,Afghanistan,Kabul,Kabul,Kabul,34.516667,69.183333,gid_345166670691833330,9/1/2020,2020,9,AFN,77,300,700,77,77.49,76.51,77,-1.58,10,292.88,300,286.66,300,0,9.9,700.07,709.04,691.09,700,-6.67,9.9
AFG,Afghanistan,Kabul,Kabul,Kabul,34.516667,69.183333,gid_345166670691833330,10/1/2020,2020,10,AFN,77,350,750,77,77.43,76.57,77,-1.58,10,299.62,350,294.94,350,16.67,9.9,699.95,750,692.8,750,0,9.9
AFG,Afghanistan,Kabul,Kabul,Kabul,34.516667,69.183333,gid_345166670691833330,11/1/2020,2020,11,AFN,77,350,750,77.01,77.4,76.61,77,-1.76,10,354.82,371.22,338.42,350,16.67,9.9,766.04,778.92,750,750,0,9.9
AFG,Afghanistan,Kabul,Kabul,Kabul,34.516667,69.183333,gid_345166670691833330,12/1/2020,2020,12,AFN,77,350,750,77,77.38,76.62,77,-1.6,10,341.89,351.19,332.58,350,16.67,9.9,749.96,760.67,739.25,750,0,9.9
AFG,Afghanistan,Kabul,Kabul,Kabul,34.516667,69.183333,gid_345166670691833330,1/1/2021,2021,1,AFN,77,350,750,76.99,77.38,76.61,77,0.13,10,349.58,355.84,343.33,350,16.67,9.9,749.87,758.36,741.38,750,0,9.9
AFG,Afghanistan,Kabul,Kabul,Kabul,34.516667,69.183333,gid_345166670691833330,2/1/2021,2021,2,AFN,77,350,750,77,77.39,76.61,77,1.64,10,350.02,353.59,346.46,350,16.67,9.9,749.97,756.78,743.16,750,0,9.9
AFG,Afghanistan,Kabul,Kabul,Kabul,34.516667,69.183333,gid_345166670691833330,3/1/2021,2021,3,AFN,77,350,750,77,77.39,76.61,77,0.82,10,350.01,352.19,347.83,350,16.67,9.9,750.02,755.57,744.47,750,0,9.9
AFG,Afghanistan,Kabul,Kabul,Kabul,34.516667,69.183333,gid_345166670691833330,4/1/2021,2021,4,AFN,77,350,750,77.01,77.41,76.61,77,1.32,10,350.04,351.58,348.5,350,23.7,9.9,750.2,754.83,745.58,750,15.38,9.9
AFG,Afghanistan,Kabul,Kabul,Kabul,34.516667,69.183333,gid_345166670691833330,5/1/2021,2021,5,AFN,77.71,350,750,77,77.71,76.6,77.71,1.25,10,349.93,351.2,348.65,350,37.66,9.9,750.01,753.98,746.05,750,9.09,9.9
AFG,Afghanistan,Kabul,Kabul,Kabul,34.516667,69.183333,gid_345166670691833330,6/1/2021,2021,6,AFN,78.52,350,750,77.94,78.52,77.46,78.52,1.67,10,350,351.19,348.82,350,30.01,9.9,750.03,753.54,746.52,750,5.39,9.9
AFG,Afghanistan,Kabul,Kabul,Kabul,34.516667,69.183333,gid_345166670691833330,7/1/2021,2021,7,AFN,80.52,350,750,78.79,80.52,78.25,80.52,4.57,10,349.98,351.14,348.83,350,16.67,9.9,750,753.19,746.8,750,7.14,9.9
AFG,Afghanistan,Kabul,Kabul,Kabul,34.516667,69.183333,gid_345166670691833330,8/1/2021,2021,8,AFN,86.28,350,750,81.2,86.28,80.36,86.28,12.05,10,350,351.15,348.85,350,16.67,9.9,749.95,752.95,746.96,750,7.14,9.9
AFG,Afghanistan,Kabul,Kabul,Kabul,34.516667,69.183333,gid_345166670691833330,9/1/2021,2021,9,AFN,86.32,350,750,87.44,88.8,86.09,86.32,12.1,10,350.01,351.16,348.86,350,16.67,9.9,750,752.86,747.14,750,7.14,9.9
AFG,Afghanistan,Kabul,Kabul,Kabul,34.516667,69.183333,gid_345166670691833330,10/1/2021,2021,10,AFN,90.26,350,750,86.37,90.26,84.96,90.26,17.22,10,350.02,351.16,348.87,350,0,9.9,750.06,752.84,747.28,750,0,9.9
AFG,Afghanistan,Kabul,Kabul,Kabul,34.516667,69.183333,gid_345166670691833330,11/1/2021,2021,11,AFN,92.96,350,750,91.45,93.29,89.61,92.96,20.73,10,350.02,351.17,348.86,350,0,9.9,750.2,752.93,747.46,750,0,9.9
AFG,Afghanistan,Kabul,Kabul,Kabul,34.516667,69.183333,gid_345166670691833330,12/1/2021,2021,12,AFN,103.84,350,750,93.91,95.78,90.71,90.71,17.8,10,349.95,351.1,348.8,350,0,9.9,750.08,752.79,747.38,750,0,9.9
AFG,Afghanistan,Kabul,Kabul,Kabul,34.516667,69.183333,gid_345166670691833330,1/1/2022,2022,1,AFN,105.17,350,750,90.01,91.94,88.09,90.29,17.27,10,349.99,351.14,348.84,350,0,9.9,750.12,752.8,747.43,750,0,9.9
AFG,Afghanistan,Kabul,Kabul,Kabul,34.516667,69.183333,gid_345166670691833330,2/1/2022,2022,2,AFN,92.95,350,750,90.14,91.83,88.45,89.43,16.14,10,349.94,351.09,348.79,350,0,9.9,749.87,752.54,747.2,750,0,9.9
AFG,Afghanistan,Kabul,Kabul,Kabul,34.516667,69.183333,gid_345166670691833330,3/1/2022,2022,3,AFN,88.68,350,750,89.15,90.49,87.8,88.66,15.15,10,350.06,351.21,348.91,350,0,9.9,750.1,752.76,747.43,750,0,9.9
AFG,Afghanistan,Kabul,Kabul,Kabul,34.516667,69.183333,gid_345166670691833330,4/1/2022,2022,4,AFN,87.67,350,750,88.41,89.38,87.43,87.67,13.86,10,349.98,351.12,348.83,350,0,9.9,750.01,752.67,747.35,750,0,9.9
AFG,Afghanistan,Kabul,Kabul,Kabul,34.516667,69.183333,gid_345166670691833330,5/1/2022,2022,5,AFN,88.93,350,750,87.34,88.93,86.67,88.93,14.44,10,349.96,351.11,348.82,350,0,9.9,749.86,752.52,747.2,750,0,9.9
AFG,Afghanistan,Kabul,Kabul,Kabul,34.516667,69.183333,gid_345166670691833330,6/1/2022,2022,6,AFN,89.56,350,750,89.34,90.07,88.61,89.56,14.06,10,350.06,351.2,348.91,350,0,9.9,750.04,752.69,747.38,750,0,9.9
AFG,Afghanistan,Kabul,Kabul,Kabul,34.516667,69.183333,gid_345166670691833330,7/1/2022,2022,7,AFN,89.45,350,750,89.78,90.48,89.09,89.45,11.09,10,349.98,351.13,348.84,350,0,9.9,749.99,752.64,747.33,750,0,9.9
AFG,Afghanistan,Kabul,Kabul,Kabul,34.516667,69.183333,gid_345166670691833330,8/1/2022,2022,8,AFN,89.75,350,750,89.42,90.05,88.79,89.75,4.02,10,350.03,351.18,348.88,350,0,9.9,750.13,752.78,747.47,750,0,9.9
AFG,Afghanistan,Kabul,Kabul,Kabul,34.516667,69.183333,gid_345166670691833330,9/1/2022,2022,9,AFN,88.27,350,750,89.85,90.42,88.27,88.27,2.26,10,349.94,351.09,348.79,350,0,9.9,749.93,752.59,747.27,750,0,9.9
AFG,Afghanistan,Kabul,Kabul,Kabul,34.516667,69.183333,gid_345166670691833330,10/1/2022,2022,10,AFN,87.3,338.33,715,87.8,88.55,87.04,87.3,-3.28,10,350.01,351.16,338.33,338.33,-3.33,9.9,749.95,752.6,715,715,-4.67,9.9
AFG,Afghanistan,Kabul,Kabul,Kabul,34.516667,69.183333,gid_345166670691833330,11/1/2022,2022,11,AFN,88.54,350,700,86.97,88.54,86.2,88.54,-4.75,10,336.84,350,331.75,350,0,9.9,705.02,712.48,697.55,700,-6.67,9.9
AFG,Afghanistan,Kabul,Kabul,Kabul,34.516667,69.183333,gid_345166670691833330,12/1/2022,2022,12,AFN,88.23,350,700,88.94,89.86,88.02,88.23,-2.73,10,354.23,360.95,347.51,350,0,9.9,695.6,701.58,689.62,700,-6.67,9.9
AFG,Afghanistan,Kabul,Kabul,Kabul,34.516667,69.183333,gid_345166670691833330,1/1/2023,2023,1,AFN,89,386.21,748.28,88.14,89.05,87.23,89,-1.43,10,347.43,386.21,343.2,386.21,10.35,9.9,700.03,748.28,695.04,748.28,-0.23,9.9
AFG,Afghanistan,Kabul,Kabul,Kabul,34.516667,69.183333,gid_345166670691833330,2/1/2023,2023,2,AFN,89.61,384.78,908.7,89.25,90.12,88.38,89.61,0.2,10,391.39,410.41,372.36,384.78,9.94,9.9,763.73,775.48,702.4,702.4,-6.35,9.9
AFG,Afghanistan,Kabul,Kabul,Kabul,34.516667,69.183333,gid_345166670691833330,3/1/2023,2023,3,AFN,88,400,967.74,89.82,90.59,88,88,-0.75,10,375.65,386.5,364.8,385.53,10.15,9.9,689.5,704.44,674.56,676.67,-9.78,9.9
AFG,Afghanistan,Kabul,Kabul,Kabul,34.516667,69.183333,gid_345166670691833330,4/1/2023,2023,4,AFN,86.53,400,800,87.49,88.39,86.53,86.53,-1.3,10,385.51,392.97,378.05,389.82,11.38,9.9,669.27,680.85,657.68,674.82,-10.02,9.9
AFG,Afghanistan,Kabul,Kabul,Kabul,34.516667,69.183333,gid_345166670691833330,5/1/2023,2023,5,AFN,87.12,327.08,700,86.04,87.12,85.12,87.12,-2.04,10,390.22,394.91,385.54,390.88,11.68,9.9,674.26,687.32,665.07,687.32,-8.36,9.9
AFG,Afghanistan,Kabul,Kabul,Kabul,34.516667,69.183333,gid_345166670691833330,6/1/2023,2023,6,AFN,86.5,388.33,716.67,87.3,88.22,86.38,86.5,-3.42,10,390.04,394.43,387.23,394.43,12.69,9.9,691.15,716.67,683.21,716.67,-4.44,9.9
AFG,Afghanistan,Kabul,Kabul,Kabul,34.516667,69.183333,gid_345166670691833330,7/1/2023,2023,7,AFN,86.23,400,800,86.31,87.16,85.45,86.23,-3.6,10,394.62,400,391.9,400,14.29,9.9,725.81,800,717.13,800,6.67,9.9
AFG,Afghanistan,Kabul,Kabul,Kabul,34.516667,69.183333,gid_345166670691833330,8/1/2023,2023,8,AFN,84.17,400,800,86.13,86.87,84.17,84.17,-6.22,10,399.92,402.97,396.88,400,14.29,9.9,821.78,837.06,800,800,6.67,9.9
AFG,Afghanistan,Kabul,Kabul,Kabul,34.516667,69.183333,gid_345166670691833330,9/1/2023,2023,9,AFN,79.35,400,800,83.51,84.42,79.35,79.35,-10.11,10,398.68,400.68,396.69,400,14.29,9.9,799.93,812.79,787.06,800,6.67,9.9
AFG,Afghanistan,Kabul,Kabul,Kabul,34.516667,69.183333,gid_345166670691833330,10/1/2023,2023,10,AFN,75.56,400,800,78.3,79.54,75.56,75.56,-13.45,10,399.96,401.62,398.3,400,18.23,9.9,800.07,810.23,789.91,800,11.89,9.9
AFG,Afghanistan,Kabul,Kabul,Kabul,34.516667,69.183333,gid_345166670691833330,11/1/2023,2023,11,AFN,70.44,400,800,74.55,75.92,70.44,70.44,-20.44,10,400.02,401.45,398.59,400,14.29,9.9,800.13,808.23,792.04,800,14.29,9.9
AFG,Afghanistan,Kabul,Kabul,Kabul,34.516667,69.183333,gid_345166670691833330,12/1/2023,2023,12,AFN,69.65,400,800,69.49,70.85,68.14,69.65,-21.06,10,399.97,401.32,398.62,400,14.29,9.9,800.18,806.73,793.64,800,14.29,9.9
AFG,Afghanistan,Kabul,Kabul,Kabul,34.516667,69.183333,gid_345166670691833330,1/1/2024,2024,1,AFN,71.5,400,800,69.37,71.5,68.18,71.5,-19.66,10,399.93,401.25,398.61,400,3.57,9.9,799.93,805.32,794.54,800,6.91,9.9
AFG,Afghanistan,Kabul,Kabul,Kabul,34.516667,69.183333,gid_345166670691833330,2/1/2024,2024,2,AFN,73.84,400,800,72.11,73.84,70.86,73.84,-17.6,10,399.96,401.28,398.64,400,3.96,9.9,799.79,804.35,795.24,800,13.89,9.9
AFG,Afghanistan,Kabul,Kabul,Kabul,34.516667,69.183333,gid_345166670691833330,3/1/2024,2024,3,AFN,71.35,400,800,74.65,75.95,71.35,71.35,-18.92,10,400.14,401.47,398.81,400,3.75,9.9,800.22,804.18,796.25,800,18.23,9.9
